"0","391"
"0","225"
"0","100"
"0","125"
"0","398"
"0","385"
"0","263"
"0","36"
"0","396"
"0","254"
"1","263"
"1","77"
"1","377"
"1","186"
"1","109"
"1","45"
"1","339"
"1","89"
"1","82"
"1","390"
"2","223"
"2","319"
"2","81"
"2","0"
"2","373"
"2","84"
"2","369"
"2","75"
"2","19"
"2","98"
"3","107"
"3","229"
"3","301"
"3","162"
"3","271"
"3","278"
"3","410"
"3","363"
"3","290"
"3","164"
"4","135"
"4","273"
"4","404"
"4","40"
"4","223"
"4","158"
"4","321"
"4","62"
"4","156"
"4","391"
"5","278"
"5","290"
"5","299"
"5","113"
"5","37"
"5","375"
"5","144"
"5","22"
"5","203"
"5","32"
"6","175"
"6","133"
"6","135"
"6","305"
"6","239"
"6","291"
"6","125"
"6","66"
"6","128"
"6","292"
"7","329"
"7","262"
"7","138"
"7","264"
"7","297"
"7","90"
"7","233"
"7","48"
"7","208"
"7","187"
"8","19"
"8","329"
"8","284"
"8","139"
"8","279"
"8","391"
"8","116"
"8","365"
"8","393"
"8","248"
"9","310"
"9","273"
"9","112"
"9","264"
"9","406"
"9","183"
"9","200"
"9","223"
"9","386"
"9","243"
"10","110"
"10","81"
"10","260"
"10","46"
"10","89"
"10","393"
"10","164"
"10","121"
"10","102"
"10","150"
"11","77"
"11","183"
"11","231"
"11","168"
"11","358"
"11","290"
"11","383"
"11","104"
"11","321"
"11","123"
"12","3"
"12","395"
"12","156"
"12","362"
"12","263"
"12","189"
"12","278"
"12","295"
"12","306"
"12","125"
"13","96"
"13","38"
"13","314"
"13","326"
"13","12"
"13","251"
"13","123"
"13","169"
"13","303"
"13","321"
"14","82"
"14","9"
"14","177"
"14","153"
"14","366"
"14","34"
"14","202"
"14","73"
"14","292"
"14","118"
"15","168"
"15","331"
"15","113"
"15","385"
"15","349"
"15","0"
"15","22"
"15","98"
"15","131"
"15","398"
"16","181"
"16","101"
"16","398"
"16","35"
"16","146"
"16","370"
"16","167"
"16","385"
"16","305"
"16","93"
"17","170"
"17","304"
"17","108"
"17","20"
"17","403"
"17","165"
"17","85"
"17","109"
"17","255"
"17","158"
"18","318"
"18","135"
"18","117"
"18","286"
"18","43"
"18","259"
"18","352"
"18","3"
"18","245"
"18","213"
"19","343"
"19","273"
"19","296"
"19","250"
"19","223"
"19","125"
"19","403"
"19","22"
"19","391"
"19","112"
"20","167"
"20","78"
"20","383"
"20","331"
"20","188"
"20","308"
"20","2"
"20","283"
"20","343"
"20","61"
"21","398"
"21","11"
"21","335"
"21","202"
"21","112"
"21","293"
"21","162"
"21","149"
"21","111"
"21","31"
"22","263"
"22","341"
"22","144"
"22","92"
"22","403"
"22","293"
"22","82"
"22","100"
"22","334"
"22","208"
"23","397"
"23","405"
"23","176"
"23","76"
"23","35"
"23","188"
"23","80"
"23","107"
"23","376"
"23","75"
"24","267"
"24","226"
"24","252"
"24","341"
"24","195"
"24","306"
"24","227"
"24","389"
"24","15"
"24","61"
"25","298"
"25","164"
"25","363"
"25","213"
"25","196"
"25","374"
"25","317"
"25","351"
"25","260"
"25","295"
"26","301"
"26","341"
"26","122"
"26","308"
"26","72"
"26","197"
"26","398"
"26","377"
"26","200"
"26","282"
"27","231"
"27","199"
"27","170"
"27","175"
"27","28"
"27","264"
"27","38"
"27","239"
"27","117"
"27","32"
"28","187"
"28","96"
"28","146"
"28","317"
"28","72"
"28","101"
"28","268"
"28","404"
"28","75"
"28","20"
"29","274"
"29","132"
"29","91"
"29","41"
"29","182"
"29","335"
"29","227"
"29","249"
"29","409"
"29","19"
"30","212"
"30","168"
"30","153"
"30","329"
"30","156"
"30","241"
"30","239"
"30","358"
"30","87"
"30","45"
"31","390"
"31","11"
"31","117"
"31","81"
"31","161"
"31","116"
"31","87"
"31","314"
"31","294"
"31","88"
"32","204"
"32","131"
"32","236"
"32","28"
"32","218"
"32","155"
"32","222"
"32","243"
"32","17"
"32","140"
"33","323"
"33","144"
"33","322"
"33","380"
"33","126"
"33","176"
"33","137"
"33","194"
"33","227"
"33","169"
"34","260"
"34","169"
"34","73"
"34","75"
"34","55"
"34","25"
"34","399"
"34","103"
"34","181"
"34","235"
"35","12"
"35","262"
"35","172"
"35","93"
"35","329"
"35","256"
"35","45"
"35","26"
"35","41"
"35","13"
"36","260"
"36","43"
"36","259"
"36","291"
"36","102"
"36","220"
"36","86"
"36","358"
"36","350"
"36","321"
"37","55"
"37","81"
"37","337"
"37","402"
"37","375"
"37","87"
"37","133"
"37","88"
"37","147"
"37","237"
"38","370"
"38","363"
"38","359"
"38","51"
"38","247"
"38","22"
"38","381"
"38","164"
"38","167"
"38","196"
"39","401"
"39","161"
"39","354"
"39","130"
"39","340"
"39","202"
"39","261"
"39","27"
"39","376"
"39","64"
"40","175"
"40","23"
"40","142"
"40","185"
"40","99"
"40","34"
"40","116"
"40","376"
"40","231"
"40","383"
"41","393"
"41","239"
"41","17"
"41","7"
"41","296"
"41","283"
"41","117"
"41","98"
"41","404"
"41","36"
"42","92"
"42","166"
"42","301"
"42","122"
"42","179"
"42","233"
"42","248"
"42","12"
"42","237"
"42","239"
"43","232"
"43","312"
"43","193"
"43","17"
"43","42"
"43","349"
"43","56"
"43","110"
"43","89"
"43","339"
"44","348"
"44","27"
"44","370"
"44","82"
"44","208"
"44","395"
"44","47"
"44","22"
"44","36"
"44","383"
"45","335"
"45","244"
"45","392"
"45","166"
"45","301"
"45","272"
"45","263"
"45","283"
"45","271"
"45","169"
"46","265"
"46","234"
"46","240"
"46","199"
"46","130"
"46","373"
"46","340"
"46","229"
"46","156"
"46","169"
"47","201"
"47","323"
"47","112"
"47","136"
"47","406"
"47","346"
"47","263"
"47","299"
"47","334"
"47","48"
"48","73"
"48","402"
"48","136"
"48","355"
"48","69"
"48","156"
"48","304"
"48","144"
"48","41"
"48","378"
"49","297"
"49","308"
"49","351"
"49","304"
"49","312"
"49","159"
"49","253"
"49","28"
"49","174"
"49","240"
"50","271"
"50","143"
"50","28"
"50","119"
"50","133"
"50","368"
"50","222"
"50","237"
"50","106"
"50","321"
"51","251"
"51","11"
"51","28"
"51","200"
"51","333"
"51","117"
"51","264"
"51","33"
"51","145"
"51","403"
"52","169"
"52","110"
"52","385"
"52","78"
"52","14"
"52","169"
"52","103"
"52","394"
"52","20"
"52","35"
"53","282"
"53","300"
"53","228"
"53","160"
"53","408"
"53","315"
"53","52"
"53","346"
"53","322"
"53","294"
"54","315"
"54","128"
"54","247"
"54","235"
"54","281"
"54","170"
"54","37"
"54","77"
"54","323"
"54","256"
"55","368"
"55","135"
"55","388"
"55","157"
"55","379"
"55","390"
"55","317"
"55","115"
"55","94"
"55","362"
"56","143"
"56","176"
"56","237"
"56","292"
"56","1"
"56","47"
"56","387"
"56","54"
"56","266"
"56","85"
"57","225"
"57","79"
"57","377"
"57","120"
"57","374"
"57","398"
"57","80"
"57","276"
"57","32"
"57","290"
"58","222"
"58","280"
"58","285"
"58","223"
"58","172"
"58","26"
"58","223"
"58","224"
"58","147"
"58","99"
"59","363"
"59","335"
"59","4"
"59","310"
"59","20"
"59","245"
"59","367"
"59","390"
"59","138"
"59","161"
"60","155"
"60","11"
"60","212"
"60","106"
"60","214"
"60","113"
"60","326"
"60","380"
"60","117"
"60","59"
"61","393"
"61","187"
"61","392"
"61","192"
"61","381"
"61","149"
"61","116"
"61","357"
"61","238"
"61","11"
"62","286"
"62","130"
"62","209"
"62","133"
"62","274"
"62","295"
"62","303"
"62","258"
"62","19"
"62","403"
"63","308"
"63","235"
"63","23"
"63","147"
"63","352"
"63","313"
"63","311"
"63","241"
"63","282"
"63","33"
"64","159"
"64","368"
"64","136"
"64","364"
"64","49"
"64","255"
"64","158"
"64","257"
"64","237"
"64","76"
"65","24"
"65","404"
"65","256"
"65","137"
"65","282"
"65","61"
"65","334"
"65","175"
"65","95"
"65","361"
"66","351"
"66","346"
"66","41"
"66","95"
"66","133"
"66","297"
"66","138"
"66","360"
"66","228"
"66","29"
"67","21"
"67","12"
"67","31"
"67","261"
"67","275"
"67","203"
"67","127"
"67","159"
"67","393"
"67","377"
"68","283"
"68","179"
"68","164"
"68","340"
"68","250"
"68","292"
"68","106"
"68","384"
"68","372"
"68","175"
"69","206"
"69","259"
"69","234"
"69","294"
"69","8"
"69","390"
"69","340"
"69","297"
"69","383"
"69","277"
"70","7"
"70","152"
"70","77"
"70","210"
"70","375"
"70","35"
"70","195"
"70","238"
"70","316"
"70","59"
"71","392"
"71","116"
"71","274"
"71","378"
"71","78"
"71","260"
"71","128"
"71","221"
"71","230"
"71","351"
"72","15"
"72","271"
"72","65"
"72","400"
"72","171"
"72","123"
"72","24"
"72","345"
"72","104"
"72","313"
"73","377"
"73","121"
"73","166"
"73","167"
"73","85"
"73","389"
"73","289"
"73","123"
"73","300"
"73","55"
"74","79"
"74","215"
"74","324"
"74","128"
"74","344"
"74","273"
"74","30"
"74","22"
"74","280"
"74","137"
"75","170"
"75","384"
"75","212"
"75","305"
"75","83"
"75","124"
"75","329"
"75","81"
"75","25"
"75","270"
"76","220"
"76","254"
"76","112"
"76","80"
"76","164"
"76","377"
"76","337"
"76","101"
"76","373"
"76","337"
"77","407"
"77","85"
"77","7"
"77","372"
"77","216"
"77","203"
"77","68"
"77","285"
"77","163"
"77","405"
"78","192"
"78","44"
"78","395"
"78","288"
"78","286"
"78","176"
"78","132"
"78","20"
"78","164"
"78","149"
"79","99"
"79","327"
"79","407"
"79","105"
"79","264"
"79","100"
"79","68"
"79","186"
"79","182"
"79","309"
"80","131"
"80","229"
"80","201"
"80","148"
"80","333"
"80","89"
"80","254"
"80","98"
"80","341"
"80","200"
"81","232"
"81","228"
"81","32"
"81","312"
"81","249"
"81","223"
"81","287"
"81","158"
"81","14"
"81","199"
"82","160"
"82","108"
"82","256"
"82","114"
"82","103"
"82","75"
"82","382"
"82","137"
"82","319"
"82","57"
"83","154"
"83","266"
"83","20"
"83","8"
"83","107"
"83","77"
"83","208"
"83","312"
"83","76"
"83","382"
"84","354"
"84","217"
"84","258"
"84","185"
"84","316"
"84","203"
"84","301"
"84","50"
"84","231"
"84","403"
"85","353"
"85","407"
"85","376"
"85","73"
"85","311"
"85","402"
"85","249"
"85","410"
"85","273"
"85","122"
"86","350"
"86","238"
"86","259"
"86","228"
"86","349"
"86","373"
"86","234"
"86","373"
"86","3"
"86","50"
"87","322"
"87","270"
"87","140"
"87","121"
"87","115"
"87","52"
"87","283"
"87","256"
"87","135"
"87","227"
"88","220"
"88","54"
"88","159"
"88","289"
"88","139"
"88","72"
"88","208"
"88","151"
"88","87"
"88","207"
"89","59"
"89","395"
"89","5"
"89","229"
"89","322"
"89","360"
"89","343"
"89","274"
"89","200"
"89","375"
"90","99"
"90","220"
"90","331"
"90","80"
"90","119"
"90","365"
"90","179"
"90","194"
"90","17"
"90","94"
"91","199"
"91","293"
"91","96"
"91","102"
"91","292"
"91","333"
"91","83"
"91","77"
"91","29"
"91","16"
"92","64"
"92","357"
"92","135"
"92","139"
"92","267"
"92","204"
"92","19"
"92","322"
"92","330"
"92","77"
"93","127"
"93","274"
"93","151"
"93","142"
"93","5"
"93","53"
"93","146"
"93","166"
"93","399"
"93","95"
"94","366"
"94","62"
"94","368"
"94","138"
"94","349"
"94","115"
"94","112"
"94","266"
"94","261"
"94","121"
"95","343"
"95","73"
"95","340"
"95","91"
"95","151"
"95","114"
"95","165"
"95","307"
"95","2"
"95","44"
"96","129"
"96","103"
"96","331"
"96","406"
"96","36"
"96","312"
"96","75"
"96","388"
"96","65"
"96","389"
"97","364"
"97","211"
"97","389"
"97","94"
"97","97"
"97","296"
"97","16"
"97","81"
"97","168"
"97","227"
"98","297"
"98","92"
"98","276"
"98","262"
"98","3"
"98","154"
"98","171"
"98","116"
"98","85"
"98","77"
"99","41"
"99","187"
"99","268"
"99","64"
"99","56"
"99","384"
"99","101"
"99","13"
"99","45"
"99","241"
"100","305"
"100","11"
"100","81"
"100","172"
"100","128"
"100","364"
"100","346"
"100","281"
"100","382"
"100","57"
"101","188"
"101","322"
"101","218"
"101","219"
"101","399"
"101","33"
"101","134"
"101","100"
"101","409"
"101","92"
"102","285"
"102","371"
"102","43"
"102","60"
"102","390"
"102","324"
"102","304"
"102","67"
"102","403"
"102","74"
"103","335"
"103","280"
"103","213"
"103","297"
"103","233"
"103","36"
"103","94"
"103","339"
"103","80"
"103","258"
"104","67"
"104","68"
"104","98"
"104","178"
"104","232"
"104","29"
"104","274"
"104","160"
"104","21"
"104","68"
"105","10"
"105","210"
"105","155"
"105","27"
"105","409"
"105","265"
"105","144"
"105","363"
"105","201"
"105","243"
"106","309"
"106","234"
"106","274"
"106","205"
"106","44"
"106","102"
"106","384"
"106","225"
"106","381"
"106","297"
"107","403"
"107","59"
"107","303"
"107","21"
"107","403"
"107","70"
"107","229"
"107","72"
"107","345"
"107","275"
"108","218"
"108","290"
"108","85"
"108","243"
"108","16"
"108","106"
"108","303"
"108","364"
"108","180"
"108","381"
"109","197"
"109","275"
"109","334"
"109","325"
"109","160"
"109","209"
"109","123"
"109","56"
"109","326"
"109","219"
"110","126"
"110","4"
"110","196"
"110","324"
"110","21"
"110","85"
"110","201"
"110","112"
"110","265"
"110","32"
"111","42"
"111","408"
"111","149"
"111","363"
"111","260"
"111","324"
"111","321"
"111","86"
"111","367"
"111","127"
"112","28"
"112","279"
"112","102"
"112","4"
"112","95"
"112","195"
"112","175"
"112","343"
"112","110"
"112","86"
"113","297"
"113","159"
"113","9"
"113","363"
"113","258"
"113","334"
"113","172"
"113","49"
"113","190"
"113","362"
"114","248"
"114","102"
"114","380"
"114","269"
"114","36"
"114","318"
"114","231"
"114","86"
"114","333"
"114","235"
"115","344"
"115","123"
"115","165"
"115","171"
"115","143"
"115","86"
"115","19"
"115","229"
"115","138"
"115","39"
"116","4"
"116","175"
"116","220"
"116","299"
"116","12"
"116","221"
"116","20"
"116","201"
"116","378"
"116","203"
"117","172"
"117","212"
"117","366"
"117","285"
"117","292"
"117","159"
"117","347"
"117","231"
"117","126"
"117","11"
"118","323"
"118","338"
"118","233"
"118","328"
"118","400"
"118","177"
"118","142"
"118","32"
"118","136"
"118","201"
"119","405"
"119","360"
"119","366"
"119","224"
"119","234"
"119","206"
"119","182"
"119","150"
"119","164"
"119","266"
"120","58"
"120","130"
"120","217"
"120","231"
"120","302"
"120","175"
"120","359"
"120","341"
"120","87"
"120","23"
"121","347"
"121","268"
"121","89"
"121","62"
"121","211"
"121","26"
"121","135"
"121","402"
"121","10"
"121","172"
"122","259"
"122","110"
"122","57"
"122","268"
"122","270"
"122","259"
"122","28"
"122","164"
"122","402"
"122","39"
"123","177"
"123","180"
"123","54"
"123","97"
"123","56"
"123","331"
"123","336"
"123","356"
"123","401"
"123","402"
"124","72"
"124","69"
"124","104"
"124","186"
"124","220"
"124","107"
"124","278"
"124","107"
"124","228"
"124","124"
"125","146"
"125","311"
"125","126"
"125","129"
"125","219"
"125","254"
"125","337"
"125","328"
"125","203"
"125","288"
"126","117"
"126","207"
"126","205"
"126","259"
"126","339"
"126","274"
"126","19"
"126","96"
"126","231"
"126","302"
"127","280"
"127","170"
"127","243"
"127","219"
"127","10"
"127","338"
"127","387"
"127","326"
"127","238"
"127","6"
"128","259"
"128","344"
"128","350"
"128","375"
"128","349"
"128","59"
"128","338"
"128","224"
"128","235"
"128","204"
"129","139"
"129","295"
"129","29"
"129","262"
"129","220"
"129","324"
"129","90"
"129","406"
"129","151"
"129","327"
"130","166"
"130","196"
"130","406"
"130","384"
"130","30"
"130","37"
"130","387"
"130","48"
"130","3"
"130","294"
"131","196"
"131","199"
"131","267"
"131","254"
"131","202"
"131","15"
"131","102"
"131","249"
"131","102"
"131","204"
"132","354"
"132","83"
"132","391"
"132","394"
"132","357"
"132","226"
"132","164"
"132","168"
"132","267"
"132","340"
"133","360"
"133","381"
"133","252"
"133","295"
"133","53"
"133","303"
"133","11"
"133","134"
"133","152"
"133","389"
"134","110"
"134","228"
"134","83"
"134","322"
"134","122"
"134","331"
"134","23"
"134","52"
"134","68"
"134","27"
"135","57"
"135","35"
"135","43"
"135","167"
"135","233"
"135","371"
"135","20"
"135","0"
"135","239"
"135","347"
"136","34"
"136","317"
"136","15"
"136","108"
"136","349"
"136","401"
"136","54"
"136","109"
"136","34"
"136","303"
"137","157"
"137","56"
"137","267"
"137","91"
"137","20"
"137","279"
"137","223"
"137","345"
"137","204"
"137","0"
"138","86"
"138","199"
"138","129"
"138","51"
"138","374"
"138","38"
"138","97"
"138","127"
"138","313"
"138","97"
"139","68"
"139","145"
"139","132"
"139","33"
"139","120"
"139","129"
"139","73"
"139","260"
"139","373"
"139","45"
"140","72"
"140","65"
"140","201"
"140","260"
"140","401"
"140","382"
"140","40"
"140","220"
"140","116"
"140","356"
"141","280"
"141","52"
"141","11"
"141","369"
"141","371"
"141","169"
"141","375"
"141","200"
"141","216"
"141","138"
"142","76"
"142","150"
"142","125"
"142","146"
"142","170"
"142","182"
"142","67"
"142","169"
"142","258"
"142","368"
"143","49"
"143","283"
"143","19"
"143","238"
"143","304"
"143","160"
"143","215"
"143","298"
"143","177"
"143","247"
"144","75"
"144","319"
"144","57"
"144","205"
"144","219"
"144","52"
"144","60"
"144","51"
"144","182"
"144","243"
"145","47"
"145","19"
"145","362"
"145","77"
"145","236"
"145","273"
"145","335"
"145","366"
"145","392"
"145","99"
"146","335"
"146","36"
"146","70"
"146","65"
"146","327"
"146","311"
"146","67"
"146","300"
"146","29"
"146","38"
"147","303"
"147","322"
"147","373"
"147","4"
"147","89"
"147","143"
"147","55"
"147","325"
"147","22"
"147","313"
"148","341"
"148","333"
"148","55"
"148","48"
"148","167"
"148","46"
"148","399"
"148","363"
"148","25"
"148","249"
"149","405"
"149","399"
"149","94"
"149","114"
"149","285"
"149","208"
"149","285"
"149","93"
"149","392"
"149","352"
"150","225"
"150","5"
"150","235"
"150","39"
"150","289"
"150","409"
"150","318"
"150","60"
"150","157"
"150","95"
"151","34"
"151","394"
"151","6"
"151","99"
"151","67"
"151","54"
"151","317"
"151","157"
"151","125"
"151","320"
"152","396"
"152","103"
"152","378"
"152","108"
"152","196"
"152","2"
"152","151"
"152","306"
"152","0"
"152","172"
"153","200"
"153","406"
"153","167"
"153","335"
"153","154"
"153","173"
"153","327"
"153","191"
"153","168"
"153","163"
"154","159"
"154","83"
"154","153"
"154","406"
"154","85"
"154","261"
"154","73"
"154","384"
"154","110"
"154","204"
"155","51"
"155","270"
"155","110"
"155","30"
"155","405"
"155","147"
"155","78"
"155","360"
"155","191"
"155","192"
"156","275"
"156","161"
"156","410"
"156","138"
"156","225"
"156","132"
"156","388"
"156","195"
"156","191"
"156","367"
"157","321"
"157","289"
"157","70"
"157","101"
"157","114"
"157","347"
"157","284"
"157","290"
"157","230"
"157","19"
"158","198"
"158","239"
"158","83"
"158","302"
"158","232"
"158","190"
"158","154"
"158","313"
"158","158"
"158","131"
"159","54"
"159","345"
"159","76"
"159","407"
"159","320"
"159","232"
"159","246"
"159","400"
"159","284"
"159","256"
"160","63"
"160","282"
"160","91"
"160","179"
"160","274"
"160","268"
"160","203"
"160","330"
"160","41"
"160","206"
"161","220"
"161","145"
"161","159"
"161","47"
"161","45"
"161","58"
"161","2"
"161","371"
"161","265"
"161","250"
"162","176"
"162","84"
"162","153"
"162","78"
"162","138"
"162","143"
"162","58"
"162","148"
"162","134"
"162","54"
"163","101"
"163","209"
"163","124"
"163","173"
"163","152"
"163","218"
"163","89"
"163","101"
"163","322"
"163","181"
"164","176"
"164","24"
"164","314"
"164","350"
"164","11"
"164","278"
"164","201"
"164","18"
"164","279"
"164","373"
"165","257"
"165","376"
"165","358"
"165","155"
"165","169"
"165","170"
"165","119"
"165","408"
"165","60"
"165","95"
"166","275"
"166","186"
"166","390"
"166","24"
"166","192"
"166","242"
"166","112"
"166","62"
"166","110"
"166","275"
"167","341"
"167","256"
"167","336"
"167","375"
"167","42"
"167","29"
"167","403"
"167","49"
"167","166"
"167","227"
"168","245"
"168","29"
"168","388"
"168","321"
"168","358"
"168","407"
"168","56"
"168","109"
"168","127"
"168","307"
"169","408"
"169","321"
"169","407"
"169","380"
"169","255"
"169","43"
"169","207"
"169","407"
"169","285"
"169","83"
"170","231"
"170","238"
"170","390"
"170","386"
"170","313"
"170","388"
"170","41"
"170","164"
"170","353"
"170","176"
"171","80"
"171","214"
"171","186"
"171","374"
"171","159"
"171","10"
"171","5"
"171","375"
"171","288"
"171","6"
"172","158"
"172","111"
"172","155"
"172","166"
"172","113"
"172","238"
"172","103"
"172","45"
"172","181"
"172","261"
"173","371"
"173","124"
"173","298"
"173","324"
"173","343"
"173","147"
"173","207"
"173","114"
"173","7"
"173","111"
"174","336"
"174","402"
"174","373"
"174","206"
"174","133"
"174","23"
"174","46"
"174","220"
"174","108"
"174","143"
"175","210"
"175","211"
"175","374"
"175","304"
"175","54"
"175","208"
"175","57"
"175","83"
"175","39"
"175","346"
"176","396"
"176","359"
"176","56"
"176","227"
"176","403"
"176","3"
"176","409"
"176","206"
"176","38"
"176","244"
"177","285"
"177","267"
"177","307"
"177","233"
"177","313"
"177","141"
"177","323"
"177","234"
"177","383"
"177","216"
"178","287"
"178","297"
"178","22"
"178","22"
"178","211"
"178","377"
"178","117"
"178","311"
"178","408"
"178","84"
"179","360"
"179","223"
"179","269"
"179","69"
"179","355"
"179","137"
"179","136"
"179","208"
"179","150"
"179","171"
"180","335"
"180","325"
"180","400"
"180","239"
"180","1"
"180","90"
"180","64"
"180","198"
"180","142"
"180","144"
"181","311"
"181","268"
"181","100"
"181","194"
"181","41"
"181","29"
"181","230"
"181","360"
"181","94"
"181","242"
"182","359"
"182","341"
"182","85"
"182","273"
"182","249"
"182","369"
"182","287"
"182","104"
"182","214"
"182","242"
"183","342"
"183","326"
"183","356"
"183","348"
"183","287"
"183","170"
"183","294"
"183","181"
"183","315"
"183","320"
"184","306"
"184","224"
"184","349"
"184","385"
"184","410"
"184","94"
"184","266"
"184","224"
"184","156"
"184","299"
"185","120"
"185","277"
"185","185"
"185","357"
"185","85"
"185","219"
"185","237"
"185","276"
"185","23"
"185","308"
"186","330"
"186","90"
"186","334"
"186","144"
"186","169"
"186","106"
"186","92"
"186","64"
"186","405"
"186","355"
"187","292"
"187","121"
"187","47"
"187","193"
"187","10"
"187","80"
"187","139"
"187","11"
"187","278"
"187","45"
"188","371"
"188","247"
"188","82"
"188","319"
"188","47"
"188","48"
"188","251"
"188","355"
"188","270"
"188","40"
"189","379"
"189","355"
"189","175"
"189","51"
"189","104"
"189","79"
"189","43"
"189","381"
"189","83"
"189","5"
"190","292"
"190","182"
"190","279"
"190","239"
"190","324"
"190","396"
"190","190"
"190","369"
"190","2"
"190","194"
"191","257"
"191","292"
"191","306"
"191","365"
"191","227"
"191","174"
"191","14"
"191","328"
"191","114"
"191","240"
"192","9"
"192","327"
"192","271"
"192","2"
"192","381"
"192","185"
"192","46"
"192","267"
"192","69"
"192","36"
"193","94"
"193","341"
"193","45"
"193","340"
"193","393"
"193","245"
"193","1"
"193","384"
"193","343"
"193","176"
"194","193"
"194","344"
"194","319"
"194","125"
"194","232"
"194","217"
"194","173"
"194","11"
"194","339"
"194","251"
"195","173"
"195","78"
"195","13"
"195","253"
"195","211"
"195","204"
"195","137"
"195","174"
"195","332"
"195","221"
"196","121"
"196","184"
"196","409"
"196","279"
"196","402"
"196","25"
"196","382"
"196","375"
"196","362"
"196","41"
"197","151"
"197","394"
"197","303"
"197","71"
"197","288"
"197","4"
"197","243"
"197","161"
"197","376"
"197","142"
"198","134"
"198","319"
"198","225"
"198","157"
"198","298"
"198","286"
"198","238"
"198","279"
"198","304"
"198","338"
"199","350"
"199","407"
"199","312"
"199","114"
"199","184"
"199","391"
"199","372"
"199","141"
"199","329"
"199","400"
"200","194"
"200","268"
"200","146"
"200","66"
"200","190"
"200","36"
"200","173"
"200","11"
"200","107"
"200","203"
"201","118"
"201","229"
"201","187"
"201","319"
"201","161"
"201","247"
"201","341"
"201","154"
"201","173"
"201","353"
"202","187"
"202","53"
"202","178"
"202","222"
"202","272"
"202","267"
"202","108"
"202","155"
"202","235"
"202","28"
"203","395"
"203","139"
"203","178"
"203","89"
"203","78"
"203","194"
"203","107"
"203","307"
"203","130"
"203","183"
"204","328"
"204","163"
"204","254"
"204","321"
"204","361"
"204","299"
"204","365"
"204","286"
"204","126"
"204","75"
"205","289"
"205","281"
"205","147"
"205","11"
"205","110"
"205","38"
"205","128"
"205","268"
"205","63"
"205","70"
"206","251"
"206","53"
"206","152"
"206","121"
"206","251"
"206","21"
"206","224"
"206","243"
"206","102"
"206","301"
"207","141"
"207","120"
"207","323"
"207","293"
"207","359"
"207","243"
"207","57"
"207","290"
"207","380"
"207","384"
"208","200"
"208","93"
"208","226"
"208","34"
"208","263"
"208","161"
"208","389"
"208","248"
"208","407"
"208","236"
"209","51"
"209","145"
"209","121"
"209","244"
"209","285"
"209","76"
"209","365"
"209","309"
"209","20"
"209","406"
"210","267"
"210","51"
"210","388"
"210","30"
"210","314"
"210","346"
"210","35"
"210","18"
"210","338"
"210","407"
"211","320"
"211","276"
"211","17"
"211","266"
"211","110"
"211","180"
"211","289"
"211","10"
"211","218"
"211","2"
"212","217"
"212","15"
"212","405"
"212","140"
"212","139"
"212","39"
"212","98"
"212","222"
"212","137"
"212","88"
"213","333"
"213","205"
"213","198"
"213","235"
"213","167"
"213","247"
"213","146"
"213","337"
"213","65"
"213","94"
"214","57"
"214","360"
"214","233"
"214","82"
"214","18"
"214","370"
"214","289"
"214","68"
"214","311"
"214","330"
"215","38"
"215","50"
"215","401"
"215","266"
"215","359"
"215","341"
"215","116"
"215","326"
"215","352"
"215","382"
"216","226"
"216","64"
"216","228"
"216","403"
"216","250"
"216","169"
"216","126"
"216","99"
"216","331"
"216","128"
"217","313"
"217","62"
"217","148"
"217","332"
"217","187"
"217","132"
"217","342"
"217","207"
"217","285"
"217","56"
"218","126"
"218","370"
"218","376"
"218","397"
"218","129"
"218","90"
"218","211"
"218","253"
"218","386"
"218","400"
"219","177"
"219","29"
"219","141"
"219","40"
"219","336"
"219","0"
"219","184"
"219","257"
"219","239"
"219","98"
"220","0"
"220","337"
"220","236"
"220","85"
"220","173"
"220","64"
"220","92"
"220","307"
"220","160"
"220","5"
"221","338"
"221","229"
"221","408"
"221","308"
"221","39"
"221","117"
"221","151"
"221","143"
"221","138"
"221","153"
"222","215"
"222","23"
"222","233"
"222","380"
"222","375"
"222","305"
"222","205"
"222","26"
"222","298"
"222","271"
"223","208"
"223","382"
"223","403"
"223","150"
"223","7"
"223","321"
"223","160"
"223","282"
"223","354"
"223","197"
"224","358"
"224","229"
"224","248"
"224","83"
"224","259"
"224","71"
"224","223"
"224","284"
"224","361"
"224","123"
"225","188"
"225","309"
"225","329"
"225","23"
"225","207"
"225","243"
"225","318"
"225","223"
"225","288"
"225","380"
"226","334"
"226","245"
"226","306"
"226","122"
"226","293"
"226","239"
"226","218"
"226","128"
"226","199"
"226","114"
"227","193"
"227","340"
"227","129"
"227","22"
"227","221"
"227","305"
"227","364"
"227","102"
"227","214"
"227","106"
"228","211"
"228","255"
"228","207"
"228","23"
"228","324"
"228","131"
"228","230"
"228","202"
"228","334"
"228","111"
"229","61"
"229","14"
"229","171"
"229","97"
"229","278"
"229","228"
"229","297"
"229","82"
"229","21"
"229","160"
"230","138"
"230","43"
"230","2"
"230","25"
"230","203"
"230","171"
"230","245"
"230","291"
"230","161"
"230","58"
"231","64"
"231","239"
"231","292"
"231","149"
"231","392"
"231","33"
"231","391"
"231","409"
"231","265"
"231","60"
"232","73"
"232","385"
"232","183"
"232","7"
"232","27"
"232","56"
"232","354"
"232","59"
"232","390"
"232","214"
"233","383"
"233","407"
"233","333"
"233","101"
"233","349"
"233","189"
"233","48"
"233","341"
"233","167"
"233","369"
"234","141"
"234","300"
"234","272"
"234","237"
"234","260"
"234","368"
"234","181"
"234","374"
"234","143"
"234","243"
"235","125"
"235","124"
"235","104"
"235","403"
"235","250"
"235","46"
"235","275"
"235","371"
"235","115"
"235","207"
"236","280"
"236","385"
"236","69"
"236","207"
"236","203"
"236","351"
"236","254"
"236","13"
"236","11"
"236","91"
"237","356"
"237","23"
"237","96"
"237","353"
"237","173"
"237","160"
"237","216"
"237","366"
"237","235"
"237","65"
"238","183"
"238","103"
"238","346"
"238","252"
"238","310"
"238","81"
"238","292"
"238","188"
"238","89"
"238","107"
"239","102"
"239","178"
"239","114"
"239","392"
"239","273"
"239","193"
"239","291"
"239","165"
"239","270"
"239","234"
"240","95"
"240","238"
"240","19"
"240","403"
"240","316"
"240","333"
"240","346"
"240","64"
"240","127"
"240","214"
"241","115"
"241","241"
"241","138"
"241","88"
"241","260"
"241","259"
"241","10"
"241","285"
"241","32"
"241","237"
"242","278"
"242","94"
"242","331"
"242","235"
"242","377"
"242","368"
"242","405"
"242","203"
"242","172"
"242","133"
"243","345"
"243","56"
"243","69"
"243","251"
"243","133"
"243","204"
"243","320"
"243","240"
"243","387"
"243","212"
"244","298"
"244","322"
"244","295"
"244","401"
"244","12"
"244","174"
"244","393"
"244","331"
"244","273"
"244","22"
"245","372"
"245","166"
"245","80"
"245","385"
"245","331"
"245","236"
"245","200"
"245","14"
"245","201"
"245","243"
"246","326"
"246","400"
"246","288"
"246","208"
"246","227"
"246","373"
"246","206"
"246","20"
"246","184"
"246","0"
"247","86"
"247","1"
"247","44"
"247","279"
"247","122"
"247","163"
"247","352"
"247","327"
"247","215"
"247","124"
"248","220"
"248","209"
"248","80"
"248","38"
"248","385"
"248","38"
"248","293"
"248","315"
"248","36"
"248","175"
"249","329"
"249","224"
"249","222"
"249","196"
"249","286"
"249","173"
"249","9"
"249","194"
"249","167"
"249","155"
"250","340"
"250","224"
"250","171"
"250","240"
"250","163"
"250","205"
"250","109"
"250","138"
"250","397"
"250","71"
"251","36"
"251","65"
"251","67"
"251","345"
"251","201"
"251","191"
"251","209"
"251","285"
"251","395"
"251","61"
"252","233"
"252","406"
"252","259"
"252","280"
"252","309"
"252","78"
"252","210"
"252","376"
"252","42"
"252","152"
"253","199"
"253","97"
"253","82"
"253","4"
"253","48"
"253","238"
"253","100"
"253","294"
"253","263"
"253","90"
"254","61"
"254","278"
"254","269"
"254","403"
"254","41"
"254","77"
"254","11"
"254","265"
"254","113"
"254","285"
"255","260"
"255","237"
"255","190"
"255","193"
"255","196"
"255","71"
"255","66"
"255","108"
"255","24"
"255","178"
"256","155"
"256","404"
"256","66"
"256","119"
"256","193"
"256","292"
"256","332"
"256","155"
"256","342"
"256","228"
"257","334"
"257","35"
"257","12"
"257","277"
"257","403"
"257","47"
"257","340"
"257","363"
"257","321"
"257","179"
"258","131"
"258","11"
"258","48"
"258","262"
"258","379"
"258","373"
"258","224"
"258","120"
"258","310"
"258","281"
"259","210"
"259","94"
"259","360"
"259","53"
"259","33"
"259","284"
"259","232"
"259","276"
"259","347"
"259","223"
"260","266"
"260","281"
"260","300"
"260","398"
"260","213"
"260","149"
"260","324"
"260","372"
"260","47"
"260","352"
"261","286"
"261","360"
"261","6"
"261","88"
"261","272"
"261","236"
"261","32"
"261","224"
"261","361"
"261","3"
"262","145"
"262","104"
"262","109"
"262","113"
"262","19"
"262","309"
"262","368"
"262","389"
"262","177"
"262","235"
"263","192"
"263","396"
"263","320"
"263","409"
"263","181"
"263","35"
"263","378"
"263","351"
"263","318"
"263","231"
"264","405"
"264","120"
"264","5"
"264","337"
"264","146"
"264","53"
"264","364"
"264","44"
"264","223"
"264","92"
"265","71"
"265","208"
"265","20"
"265","128"
"265","239"
"265","219"
"265","92"
"265","296"
"265","134"
"265","4"
"266","189"
"266","317"
"266","399"
"266","384"
"266","281"
"266","181"
"266","338"
"266","183"
"266","39"
"266","229"
"267","102"
"267","157"
"267","319"
"267","292"
"267","298"
"267","130"
"267","149"
"267","383"
"267","344"
"267","70"
"268","183"
"268","407"
"268","19"
"268","196"
"268","24"
"268","13"
"268","21"
"268","67"
"268","261"
"268","27"
"269","392"
"269","307"
"269","59"
"269","339"
"269","289"
"269","116"
"269","47"
"269","355"
"269","52"
"269","224"
"270","132"
"270","154"
"270","299"
"270","61"
"270","352"
"270","88"
"270","98"
"270","179"
"270","29"
"270","299"
"271","94"
"271","100"
"271","98"
"271","90"
"271","212"
"271","348"
"271","402"
"271","21"
"271","123"
"271","157"
"272","122"
"272","357"
"272","255"
"272","161"
"272","342"
"272","106"
"272","145"
"272","45"
"272","235"
"272","221"
"273","9"
"273","257"
"273","246"
"273","371"
"273","387"
"273","257"
"273","389"
"273","365"
"273","130"
"273","32"
"274","77"
"274","147"
"274","263"
"274","103"
"274","282"
"274","218"
"274","391"
"274","129"
"274","355"
"274","205"
"275","88"
"275","357"
"275","257"
"275","243"
"275","26"
"275","228"
"275","116"
"275","175"
"275","304"
"275","371"
"276","378"
"276","94"
"276","68"
"276","208"
"276","195"
"276","348"
"276","50"
"276","20"
"276","410"
"276","68"
"277","63"
"277","229"
"277","32"
"277","242"
"277","303"
"277","151"
"277","311"
"277","40"
"277","307"
"277","239"
"278","9"
"278","97"
"278","380"
"278","229"
"278","186"
"278","96"
"278","391"
"278","371"
"278","215"
"278","271"
"279","188"
"279","193"
"279","277"
"279","10"
"279","242"
"279","230"
"279","324"
"279","324"
"279","13"
"279","324"
"280","5"
"280","179"
"280","323"
"280","367"
"280","153"
"280","342"
"280","382"
"280","193"
"280","93"
"280","119"
"281","399"
"281","151"
"281","35"
"281","168"
"281","338"
"281","405"
"281","262"
"281","121"
"281","231"
"281","324"
"282","19"
"282","410"
"282","165"
"282","272"
"282","107"
"282","224"
"282","259"
"282","352"
"282","354"
"282","57"
"283","247"
"283","164"
"283","122"
"283","287"
"283","171"
"283","226"
"283","173"
"283","342"
"283","397"
"283","135"
"284","11"
"284","54"
"284","7"
"284","99"
"284","285"
"284","177"
"284","73"
"284","72"
"284","107"
"284","48"
"285","0"
"285","108"
"285","336"
"285","373"
"285","299"
"285","385"
"285","300"
"285","325"
"285","143"
"285","349"
"286","318"
"286","192"
"286","300"
"286","228"
"286","258"
"286","196"
"286","342"
"286","379"
"286","93"
"286","77"
"287","221"
"287","111"
"287","184"
"287","384"
"287","384"
"287","72"
"287","370"
"287","370"
"287","18"
"287","37"
"288","377"
"288","42"
"288","185"
"288","148"
"288","343"
"288","407"
"288","154"
"288","215"
"288","79"
"288","396"
"289","304"
"289","0"
"289","361"
"289","119"
"289","381"
"289","90"
"289","327"
"289","78"
"289","232"
"289","151"
"290","159"
"290","280"
"290","254"
"290","322"
"290","302"
"290","76"
"290","279"
"290","138"
"290","309"
"290","226"
"291","153"
"291","320"
"291","166"
"291","138"
"291","324"
"291","390"
"291","24"
"291","333"
"291","124"
"291","112"
"292","97"
"292","218"
"292","99"
"292","335"
"292","114"
"292","325"
"292","198"
"292","111"
"292","284"
"292","321"
"293","75"
"293","261"
"293","295"
"293","383"
"293","230"
"293","49"
"293","104"
"293","167"
"293","143"
"293","24"
"294","190"
"294","191"
"294","80"
"294","176"
"294","166"
"294","37"
"294","95"
"294","209"
"294","172"
"294","73"
"295","37"
"295","21"
"295","171"
"295","106"
"295","283"
"295","76"
"295","325"
"295","302"
"295","366"
"295","108"
"296","92"
"296","354"
"296","282"
"296","192"
"296","409"
"296","170"
"296","392"
"296","122"
"296","122"
"296","131"
"297","92"
"297","42"
"297","78"
"297","358"
"297","266"
"297","242"
"297","336"
"297","350"
"297","269"
"297","31"
"298","93"
"298","41"
"298","381"
"298","316"
"298","149"
"298","292"
"298","97"
"298","90"
"298","217"
"298","140"
"299","368"
"299","204"
"299","384"
"299","262"
"299","208"
"299","271"
"299","251"
"299","136"
"299","371"
"299","315"
"300","103"
"300","58"
"300","129"
"300","136"
"300","137"
"300","322"
"300","171"
"300","181"
"300","306"
"300","30"
"301","405"
"301","382"
"301","165"
"301","294"
"301","93"
"301","138"
"301","139"
"301","243"
"301","62"
"301","371"
"302","9"
"302","69"
"302","49"
"302","397"
"302","328"
"302","314"
"302","343"
"302","387"
"302","92"
"302","276"
"303","87"
"303","198"
"303","89"
"303","215"
"303","109"
"303","318"
"303","64"
"303","309"
"303","349"
"303","223"
"304","303"
"304","341"
"304","132"
"304","211"
"304","83"
"304","15"
"304","290"
"304","33"
"304","390"
"304","48"
"305","151"
"305","5"
"305","127"
"305","213"
"305","285"
"305","408"
"305","44"
"305","265"
"305","112"
"305","151"
"306","402"
"306","394"
"306","274"
"306","9"
"306","66"
"306","89"
"306","214"
"306","295"
"306","225"
"306","14"
"307","156"
"307","94"
"307","223"
"307","306"
"307","175"
"307","251"
"307","340"
"307","303"
"307","23"
"307","59"
"308","406"
"308","8"
"308","4"
"308","194"
"308","105"
"308","39"
"308","130"
"308","216"
"308","110"
"308","31"
"309","306"
"309","189"
"309","16"
"309","113"
"309","260"
"309","209"
"309","11"
"309","45"
"309","180"
"309","101"
"310","133"
"310","336"
"310","361"
"310","225"
"310","75"
"310","347"
"310","188"
"310","349"
"310","211"
"310","195"
"311","77"
"311","142"
"311","60"
"311","251"
"311","332"
"311","370"
"311","374"
"311","369"
"311","243"
"311","259"
"312","179"
"312","130"
"312","289"
"312","380"
"312","388"
"312","324"
"312","177"
"312","95"
"312","337"
"312","292"
"313","75"
"313","142"
"313","220"
"313","54"
"313","180"
"313","362"
"313","308"
"313","270"
"313","366"
"313","56"
"314","104"
"314","354"
"314","286"
"314","261"
"314","311"
"314","37"
"314","358"
"314","254"
"314","361"
"314","25"
"315","122"
"315","402"
"315","301"
"315","304"
"315","15"
"315","307"
"315","128"
"315","338"
"315","66"
"315","227"
"316","65"
"316","267"
"316","404"
"316","306"
"316","335"
"316","88"
"316","193"
"316","87"
"316","301"
"316","205"
"317","240"
"317","270"
"317","324"
"317","100"
"317","113"
"317","139"
"317","274"
"317","223"
"317","113"
"317","53"
"318","307"
"318","261"
"318","209"
"318","194"
"318","163"
"318","247"
"318","37"
"318","138"
"318","404"
"318","366"
"319","62"
"319","234"
"319","129"
"319","73"
"319","366"
"319","375"
"319","251"
"319","391"
"319","210"
"319","284"
"320","194"
"320","200"
"320","191"
"320","247"
"320","147"
"320","148"
"320","173"
"320","221"
"320","44"
"320","58"
"321","173"
"321","258"
"321","13"
"321","104"
"321","186"
"321","326"
"321","318"
"321","222"
"321","132"
"321","343"
"322","316"
"322","117"
"322","166"
"322","237"
"322","215"
"322","347"
"322","61"
"322","288"
"322","151"
"322","192"
"323","27"
"323","402"
"323","216"
"323","129"
"323","88"
"323","85"
"323","157"
"323","31"
"323","117"
"323","105"
"324","135"
"324","220"
"324","403"
"324","212"
"324","317"
"324","325"
"324","14"
"324","187"
"324","0"
"324","28"
"325","334"
"325","203"
"325","74"
"325","49"
"325","50"
"325","357"
"325","272"
"325","10"
"325","311"
"325","387"
"326","68"
"326","289"
"326","178"
"326","74"
"326","352"
"326","104"
"326","362"
"326","244"
"326","124"
"326","262"
"327","328"
"327","281"
"327","145"
"327","3"
"327","300"
"327","198"
"327","326"
"327","61"
"327","145"
"327","47"
"328","394"
"328","124"
"328","111"
"328","210"
"328","212"
"328","22"
"328","72"
"328","341"
"328","179"
"328","233"
"329","356"
"329","79"
"329","237"
"329","132"
"329","263"
"329","245"
"329","107"
"329","133"
"329","195"
"329","358"
"330","24"
"330","406"
"330","182"
"330","254"
"330","184"
"330","150"
"330","164"
"330","250"
"330","295"
"330","338"
"331","247"
"331","208"
"331","226"
"331","80"
"331","301"
"331","362"
"331","55"
"331","408"
"331","245"
"331","42"
"332","114"
"332","62"
"332","17"
"332","217"
"332","188"
"332","209"
"332","204"
"332","88"
"332","387"
"332","318"
"333","162"
"333","209"
"333","169"
"333","190"
"333","76"
"333","200"
"333","11"
"333","108"
"333","142"
"333","402"
"334","387"
"334","74"
"334","396"
"334","30"
"334","361"
"334","97"
"334","206"
"334","45"
"334","400"
"334","259"
"335","303"
"335","396"
"335","17"
"335","267"
"335","119"
"335","260"
"335","254"
"335","6"
"335","83"
"335","283"
"336","166"
"336","89"
"336","178"
"336","367"
"336","349"
"336","72"
"336","293"
"336","53"
"336","114"
"336","212"
"337","134"
"337","41"
"337","153"
"337","30"
"337","349"
"337","371"
"337","361"
"337","174"
"337","236"
"337","24"
"338","393"
"338","155"
"338","79"
"338","281"
"338","341"
"338","393"
"338","346"
"338","319"
"338","172"
"338","119"
"339","187"
"339","242"
"339","227"
"339","17"
"339","84"
"339","166"
"339","256"
"339","236"
"339","122"
"339","63"
"340","17"
"340","38"
"340","103"
"340","405"
"340","263"
"340","399"
"340","58"
"340","272"
"340","279"
"340","329"
"341","304"
"341","84"
"341","171"
"341","173"
"341","130"
"341","219"
"341","149"
"341","133"
"341","76"
"341","22"
"342","48"
"342","47"
"342","41"
"342","318"
"342","159"
"342","173"
"342","254"
"342","192"
"342","57"
"342","168"
"343","252"
"343","168"
"343","406"
"343","295"
"343","206"
"343","210"
"343","222"
"343","175"
"343","18"
"343","358"
"344","231"
"344","89"
"344","248"
"344","123"
"344","351"
"344","224"
"344","291"
"344","207"
"344","354"
"344","156"
"345","301"
"345","298"
"345","129"
"345","8"
"345","151"
"345","356"
"345","374"
"345","33"
"345","223"
"345","410"
"346","115"
"346","271"
"346","9"
"346","401"
"346","406"
"346","199"
"346","142"
"346","170"
"346","390"
"346","132"
"347","367"
"347","8"
"347","300"
"347","385"
"347","146"
"347","122"
"347","54"
"347","410"
"347","179"
"347","253"
"348","360"
"348","396"
"348","64"
"348","157"
"348","209"
"348","72"
"348","314"
"348","42"
"348","158"
"348","238"
"349","391"
"349","61"
"349","269"
"349","267"
"349","407"
"349","233"
"349","36"
"349","41"
"349","161"
"349","266"
"350","394"
"350","91"
"350","284"
"350","125"
"350","242"
"350","200"
"350","111"
"350","239"
"350","189"
"350","97"
"351","88"
"351","330"
"351","318"
"351","4"
"351","42"
"351","204"
"351","173"
"351","74"
"351","165"
"351","190"
"352","284"
"352","195"
"352","8"
"352","291"
"352","12"
"352","383"
"352","117"
"352","176"
"352","189"
"352","134"
"353","354"
"353","403"
"353","74"
"353","217"
"353","342"
"353","367"
"353","76"
"353","57"
"353","150"
"353","35"
"354","392"
"354","234"
"354","259"
"354","399"
"354","160"
"354","244"
"354","394"
"354","348"
"354","62"
"354","110"
"355","289"
"355","24"
"355","377"
"355","114"
"355","332"
"355","143"
"355","398"
"355","230"
"355","386"
"355","45"
"356","389"
"356","312"
"356","132"
"356","23"
"356","187"
"356","27"
"356","140"
"356","294"
"356","45"
"356","205"
"357","360"
"357","350"
"357","147"
"357","404"
"357","303"
"357","218"
"357","141"
"357","387"
"357","208"
"357","354"
"358","203"
"358","138"
"358","263"
"358","403"
"358","140"
"358","338"
"358","192"
"358","392"
"358","299"
"358","222"
"359","198"
"359","39"
"359","336"
"359","61"
"359","297"
"359","317"
"359","357"
"359","25"
"359","282"
"359","11"
"360","147"
"360","200"
"360","245"
"360","303"
"360","230"
"360","343"
"360","145"
"360","31"
"360","405"
"360","109"
"361","225"
"361","306"
"361","408"
"361","186"
"361","154"
"361","43"
"361","257"
"361","104"
"361","73"
"361","191"
"362","13"
"362","18"
"362","404"
"362","272"
"362","218"
"362","310"
"362","109"
"362","175"
"362","65"
"362","128"
"363","242"
"363","73"
"363","216"
"363","43"
"363","71"
"363","300"
"363","62"
"363","122"
"363","137"
"363","259"
"364","50"
"364","34"
"364","63"
"364","128"
"364","387"
"364","260"
"364","180"
"364","235"
"364","67"
"364","339"
"365","187"
"365","306"
"365","10"
"365","100"
"365","237"
"365","281"
"365","263"
"365","284"
"365","237"
"365","229"
"366","216"
"366","151"
"366","188"
"366","271"
"366","392"
"366","23"
"366","309"
"366","240"
"366","392"
"366","121"
"367","174"
"367","146"
"367","154"
"367","234"
"367","200"
"367","142"
"367","229"
"367","390"
"367","28"
"367","238"
"368","266"
"368","280"
"368","0"
"368","97"
"368","147"
"368","293"
"368","233"
"368","182"
"368","191"
"368","67"
"369","78"
"369","109"
"369","205"
"369","401"
"369","260"
"369","310"
"369","327"
"369","227"
"369","399"
"369","374"
"370","266"
"370","237"
"370","169"
"370","55"
"370","172"
"370","388"
"370","161"
"370","202"
"370","169"
"370","275"
"371","323"
"371","269"
"371","341"
"371","257"
"371","392"
"371","275"
"371","255"
"371","227"
"371","47"
"371","17"
"372","64"
"372","95"
"372","321"
"372","359"
"372","381"
"372","395"
"372","104"
"372","313"
"372","58"
"372","39"
"373","362"
"373","296"
"373","308"
"373","370"
"373","46"
"373","249"
"373","259"
"373","183"
"373","2"
"373","402"
"374","164"
"374","100"
"374","345"
"374","221"
"374","28"
"374","366"
"374","115"
"374","128"
"374","23"
"374","404"
"375","60"
"375","253"
"375","363"
"375","309"
"375","407"
"375","155"
"375","332"
"375","197"
"375","56"
"375","250"
"376","390"
"376","277"
"376","237"
"376","15"
"376","236"
"376","216"
"376","78"
"376","82"
"376","268"
"376","230"
"377","121"
"377","24"
"377","60"
"377","278"
"377","162"
"377","219"
"377","258"
"377","216"
"377","183"
"377","394"
"378","323"
"378","381"
"378","50"
"378","24"
"378","225"
"378","220"
"378","187"
"378","47"
"378","26"
"378","133"
"379","182"
"379","37"
"379","352"
"379","106"
"379","33"
"379","378"
"379","359"
"379","207"
"379","229"
"379","157"
"380","341"
"380","219"
"380","195"
"380","224"
"380","42"
"380","189"
"380","26"
"380","392"
"380","181"
"380","235"
"381","313"
"381","106"
"381","93"
"381","351"
"381","18"
"381","261"
"381","366"
"381","263"
"381","21"
"381","121"
"382","41"
"382","167"
"382","176"
"382","174"
"382","337"
"382","301"
"382","156"
"382","355"
"382","369"
"382","270"
"383","322"
"383","41"
"383","341"
"383","235"
"383","364"
"383","381"
"383","92"
"383","56"
"383","45"
"383","297"
"384","91"
"384","46"
"384","391"
"384","173"
"384","183"
"384","58"
"384","164"
"384","247"
"384","128"
"384","406"
"385","205"
"385","97"
"385","297"
"385","26"
"385","25"
"385","196"
"385","44"
"385","124"
"385","61"
"385","119"
"386","266"
"386","374"
"386","204"
"386","195"
"386","167"
"386","60"
"386","210"
"386","215"
"386","228"
"386","146"
"387","215"
"387","251"
"387","98"
"387","313"
"387","279"
"387","208"
"387","393"
"387","127"
"387","359"
"387","123"
"388","287"
"388","99"
"388","289"
"388","86"
"388","385"
"388","38"
"388","347"
"388","259"
"388","78"
"388","333"
"389","92"
"389","366"
"389","194"
"389","128"
"389","349"
"389","47"
"389","140"
"389","234"
"389","218"
"389","144"
"390","3"
"390","178"
"390","223"
"390","170"
"390","228"
"390","123"
"390","287"
"390","410"
"390","190"
"390","249"
"391","224"
"391","238"
"391","244"
"391","381"
"391","163"
"391","274"
"391","12"
"391","341"
"391","143"
"391","172"
"392","291"
"392","225"
"392","243"
"392","81"
"392","392"
"392","218"
"392","390"
"392","289"
"392","126"
"392","54"
"393","267"
"393","124"
"393","236"
"393","206"
"393","46"
"393","93"
"393","52"
"393","364"
"393","90"
"393","366"
"394","222"
"394","276"
"394","184"
"394","103"
"394","228"
"394","94"
"394","341"
"394","364"
"394","55"
"394","301"
"395","85"
"395","308"
"395","386"
"395","404"
"395","387"
"395","304"
"395","303"
"395","268"
"395","205"
"395","17"
"396","118"
"396","196"
"396","245"
"396","408"
"396","53"
"396","171"
"396","370"
"396","240"
"396","405"
"396","287"
"397","176"
"397","360"
"397","265"
"397","341"
"397","22"
"397","356"
"397","326"
"397","25"
"397","172"
"397","256"
"398","56"
"398","24"
"398","5"
"398","43"
"398","245"
"398","334"
"398","168"
"398","40"
"398","406"
"398","275"
"399","144"
"399","65"
"399","125"
"399","171"
"399","141"
"399","185"
"399","347"
"399","294"
"399","308"
"399","106"
"400","231"
"400","153"
"400","60"
"400","270"
"400","79"
"400","352"
"400","178"
"400","359"
"400","281"
"400","43"
"401","62"
"401","73"
"401","377"
"401","163"
"401","225"
"401","254"
"401","26"
"401","153"
"401","12"
"401","280"
"402","81"
"402","387"
"402","327"
"402","207"
"402","24"
"402","204"
"402","148"
"402","248"
"402","369"
"402","96"
"403","136"
"403","235"
"403","349"
"403","274"
"403","128"
"403","18"
"403","336"
"403","202"
"403","371"
"403","135"
"404","303"
"404","8"
"404","365"
"404","163"
"404","92"
"404","382"
"404","245"
"404","403"
"404","339"
"404","92"
"405","184"
"405","267"
"405","380"
"405","17"
"405","51"
"405","381"
"405","156"
"405","290"
"405","324"
"405","310"
"406","329"
"406","401"
"406","301"
"406","315"
"406","42"
"406","269"
"406","219"
"406","321"
"406","313"
"406","107"
"407","391"
"407","321"
"407","94"
"407","327"
"407","3"
"407","351"
"407","4"
"407","25"
"407","188"
"407","303"
"408","409"
"408","162"
"408","78"
"408","310"
"408","372"
"408","167"
"408","242"
"408","286"
"408","259"
"408","225"
"409","217"
"409","315"
"409","240"
"409","67"
"409","91"
"409","69"
"409","286"
"409","220"
"409","276"
"409","336"
"410","24"
"410","50"
"410","135"
"410","103"
"410","181"
"410","238"
"410","166"
"410","80"
"410","305"
"410","84"
"411","31"
"411","388"
"411","239"
"411","234"
"411","187"
"411","283"
"411","391"
"411","175"
"411","319"
"411","355"
"412","139"
"412","119"
"412","330"
"412","279"
"412","103"
"412","15"
"412","78"
"412","384"
"412","141"
"412","312"
"413","147"
"413","298"
"413","330"
"413","53"
"413","177"
"413","211"
"413","392"
"413","107"
"413","88"
"413","390"
"414","282"
"414","223"
"414","44"
"414","225"
"414","16"
"414","116"
"414","123"
"414","156"
"414","20"
"414","182"
"415","373"
"415","295"
"415","222"
"415","176"
"415","280"
"415","360"
"415","342"
"415","279"
"415","251"
"415","350"
"416","254"
"416","293"
"416","186"
"416","147"
"416","119"
"416","109"
"416","14"
"416","308"
"416","77"
"416","386"
"417","397"
"417","53"
"417","200"
"417","191"
"417","28"
"417","123"
"417","281"
"417","386"
"417","277"
"417","191"
"418","72"
"418","300"
"418","265"
"418","213"
"418","62"
"418","60"
"418","260"
"418","53"
"418","288"
"418","215"
"419","202"
"419","279"
"419","96"
"419","255"
"419","353"
"419","300"
"419","187"
"419","334"
"419","388"
"419","312"
"420","397"
"420","106"
"420","123"
"420","409"
"420","66"
"420","199"
"420","200"
"420","387"
"420","218"
"420","85"
"421","213"
"421","76"
"421","253"
"421","407"
"421","73"
"421","395"
"421","180"
"421","60"
"421","154"
"421","204"
"422","89"
"422","370"
"422","237"
"422","290"
"422","368"
"422","254"
"422","121"
"422","168"
"422","117"
"422","27"
"423","25"
"423","48"
"423","8"
"423","227"
"423","359"
"423","375"
"423","289"
"423","165"
"423","71"
"423","25"
"424","215"
"424","265"
"424","331"
"424","117"
"424","95"
"424","79"
"424","305"
"424","261"
"424","52"
"424","172"
"425","302"
"425","271"
"425","231"
"425","33"
"425","267"
"425","179"
"425","151"
"425","105"
"425","331"
"425","372"
"426","196"
"426","361"
"426","93"
"426","285"
"426","392"
"426","317"
"426","268"
"426","117"
"426","66"
"426","249"
"427","162"
"427","102"
"427","226"
"427","4"
"427","144"
"427","219"
"427","192"
"427","144"
"427","349"
"427","141"
"428","326"
"428","169"
"428","4"
"428","247"
"428","283"
"428","62"
"428","147"
"428","163"
"428","145"
"428","354"
"429","80"
"429","247"
"429","226"
"429","391"
"429","364"
"429","138"
"429","330"
"429","118"
"429","321"
"429","126"
"430","300"
"430","347"
"430","107"
"430","296"
"430","202"
"430","42"
"430","370"
"430","88"
"430","392"
"430","391"
"431","84"
"431","254"
"431","104"
"431","213"
"431","287"
"431","366"
"431","55"
"431","289"
"431","42"
"431","281"
"432","159"
"432","63"
"432","256"
"432","80"
"432","398"
"432","124"
"432","200"
"432","67"
"432","82"
"432","342"
"433","16"
"433","289"
"433","307"
"433","10"
"433","391"
"433","368"
"433","127"
"433","81"
"433","170"
"433","18"
"434","185"
"434","54"
"434","33"
"434","13"
"434","0"
"434","41"
"434","170"
"434","257"
"434","395"
"434","367"
"435","148"
"435","313"
"435","307"
"435","142"
"435","85"
"435","317"
"435","291"
"435","287"
"435","127"
"435","178"
"436","133"
"436","237"
"436","291"
"436","391"
"436","228"
"436","26"
"436","269"
"436","248"
"436","202"
"436","147"
"437","253"
"437","158"
"437","301"
"437","400"
"437","103"
"437","357"
"437","191"
"437","93"
"437","149"
"437","138"
"438","303"
"438","24"
"438","362"
"438","350"
"438","110"
"438","14"
"438","358"
"438","29"
"438","375"
"438","388"
"439","109"
"439","82"
"439","197"
"439","322"
"439","190"
"439","84"
"439","118"
"439","389"
"439","308"
"439","150"
"440","302"
"440","135"
"440","121"
"440","230"
"440","233"
"440","9"
"440","315"
"440","41"
"440","110"
"440","30"
"441","326"
"441","76"
"441","152"
"441","374"
"441","182"
"441","280"
"441","243"
"441","357"
"441","278"
"441","259"
"442","391"
"442","272"
"442","29"
"442","145"
"442","164"
"442","23"
"442","375"
"442","99"
"442","288"
"442","63"
"443","236"
"443","109"
"443","91"
"443","221"
"443","42"
"443","217"
"443","115"
"443","10"
"443","93"
"443","3"
"444","60"
"444","249"
"444","41"
"444","135"
"444","49"
"444","216"
"444","370"
"444","285"
"444","376"
"444","184"
"445","250"
"445","94"
"445","324"
"445","32"
"445","116"
"445","350"
"445","207"
"445","393"
"445","130"
"445","186"
"446","259"
"446","227"
"446","3"
"446","375"
"446","203"
"446","320"
"446","74"
"446","144"
"446","309"
"446","305"
"447","227"
"447","200"
"447","253"
"447","78"
"447","26"
"447","65"
"447","265"
"447","257"
"447","253"
"447","312"
"448","33"
"448","180"
"448","378"
"448","358"
"448","110"
"448","147"
"448","89"
"448","252"
"448","317"
"448","115"
"449","159"
"449","389"
"449","252"
"449","57"
"449","247"
"449","17"
"449","355"
"449","226"
"449","254"
"449","355"
"450","366"
"450","372"
"450","160"
"450","290"
"450","241"
"450","41"
"450","219"
"450","156"
"450","368"
"450","260"
"451","117"
"451","387"
"451","402"
"451","134"
"451","92"
"451","375"
"451","99"
"451","400"
"451","55"
"451","302"
"452","23"
"452","392"
"452","337"
"452","344"
"452","225"
"452","120"
"452","126"
"452","132"
"452","153"
"452","133"
"453","395"
"453","209"
"453","257"
"453","393"
"453","207"
"453","126"
"453","226"
"453","217"
"453","241"
"453","254"
"454","315"
"454","398"
"454","381"
"454","174"
"454","273"
"454","403"
"454","228"
"454","96"
"454","185"
"454","356"
"455","276"
"455","103"
"455","308"
"455","3"
"455","133"
"455","116"
"455","251"
"455","45"
"455","273"
"455","206"
"456","220"
"456","404"
"456","22"
"456","131"
"456","75"
"456","268"
"456","6"
"456","190"
"456","331"
"456","385"
"457","383"
"457","97"
"457","6"
"457","331"
"457","34"
"457","314"
"457","365"
"457","374"
"457","282"
"457","275"
"458","210"
"458","201"
"458","352"
"458","136"
"458","199"
"458","112"
"458","34"
"458","171"
"458","345"
"458","284"
"459","35"
"459","28"
"459","310"
"459","250"
"459","400"
"459","28"
"459","296"
"459","312"
"459","354"
"459","380"
"460","399"
"460","58"
"460","5"
"460","275"
"460","381"
"460","71"
"460","400"
"460","369"
"460","199"
"460","284"
"461","314"
"461","290"
"461","119"
"461","351"
"461","161"
"461","153"
"461","304"
"461","248"
"461","319"
"461","300"
"462","127"
"462","8"
"462","72"
"462","151"
"462","171"
"462","40"
"462","234"
"462","381"
"462","117"
"462","96"
"463","29"
"463","169"
"463","278"
"463","234"
"463","260"
"463","386"
"463","123"
"463","309"
"463","323"
"463","152"
"464","188"
"464","215"
"464","246"
"464","191"
"464","380"
"464","131"
"464","153"
"464","175"
"464","402"
"464","215"
"465","103"
"465","45"
"465","143"
"465","52"
"465","88"
"465","384"
"465","129"
"465","0"
"465","393"
"465","260"
"466","246"
"466","101"
"466","303"
"466","142"
"466","127"
"466","247"
"466","123"
"466","38"
"466","144"
"466","239"
"467","372"
"467","219"
"467","173"
"467","323"
"467","327"
"467","348"
"467","141"
"467","347"
"467","270"
"467","208"
"468","34"
"468","12"
"468","141"
"468","317"
"468","339"
"468","145"
"468","372"
"468","122"
"468","75"
"468","260"
"469","288"
"469","210"
"469","17"
"469","10"
"469","41"
"469","259"
"469","135"
"469","143"
"469","245"
"469","237"
"470","182"
"470","374"
"470","259"
"470","89"
"470","113"
"470","118"
"470","156"
"470","145"
"470","72"
"470","204"
"471","24"
"471","311"
"471","93"
"471","163"
"471","223"
"471","302"
"471","7"
"471","345"
"471","202"
"471","257"
"472","228"
"472","141"
"472","222"
"472","198"
"472","144"
"472","114"
"472","93"
"472","392"
"472","406"
"472","155"
"473","143"
"473","173"
"473","289"
"473","274"
"473","98"
"473","165"
"473","172"
"473","22"
"473","200"
"473","248"
"474","174"
"474","359"
"474","313"
"474","365"
"474","396"
"474","191"
"474","351"
"474","32"
"474","12"
"474","144"
"475","178"
"475","112"
"475","33"
"475","179"
"475","25"
"475","218"
"475","135"
"475","0"
"475","304"
"475","3"
"476","245"
"476","406"
"476","103"
"476","402"
"476","291"
"476","5"
"476","294"
"476","305"
"476","14"
"476","393"
"477","168"
"477","128"
"477","159"
"477","405"
"477","366"
"477","285"
"477","274"
"477","367"
"477","107"
"477","188"
"478","184"
"478","122"
"478","129"
"478","6"
"478","192"
"478","330"
"478","19"
"478","259"
"478","238"
"478","2"
"479","44"
"479","343"
"479","83"
"479","231"
"479","407"
"479","389"
"479","130"
"479","300"
"479","108"
"479","344"
"480","326"
"480","33"
"480","29"
"480","200"
"480","188"
"480","105"
"480","257"
"480","345"
"480","351"
"480","309"
"481","132"
"481","326"
"481","87"
"481","27"
"481","368"
"481","219"
"481","250"
"481","176"
"481","326"
"481","185"
"482","21"
"482","72"
"482","298"
"482","291"
"482","377"
"482","389"
"482","110"
"482","250"
"482","264"
"482","68"
"483","6"
"483","372"
"483","368"
"483","55"
"483","362"
"483","114"
"483","180"
"483","377"
"483","230"
"483","88"
"484","193"
"484","83"
"484","270"
"484","237"
"484","405"
"484","106"
"484","236"
"484","391"
"484","191"
"484","339"
"485","128"
"485","138"
"485","152"
"485","92"
"485","272"
"485","272"
"485","339"
"485","129"
"485","141"
"485","26"
"486","253"
"486","299"
"486","151"
"486","245"
"486","237"
"486","218"
"486","397"
"486","306"
"486","66"
"486","40"
"487","367"
"487","351"
"487","219"
"487","270"
"487","317"
"487","271"
"487","249"
"487","141"
"487","339"
"487","381"
"488","408"
"488","241"
"488","366"
"488","144"
"488","375"
"488","9"
"488","121"
"488","157"
"488","43"
"488","307"
"489","369"
"489","191"
"489","178"
"489","390"
"489","71"
"489","330"
"489","362"
"489","408"
"489","107"
"489","13"
"490","276"
"490","261"
"490","78"
"490","89"
"490","208"
"490","42"
"490","222"
"490","86"
"490","89"
"490","379"
"491","4"
"491","396"
"491","252"
"491","269"
"491","102"
"491","91"
"491","376"
"491","154"
"491","108"
"491","350"
"492","119"
"492","401"
"492","76"
"492","276"
"492","243"
"492","242"
"492","10"
"492","120"
"492","16"
"492","197"
"493","302"
"493","380"
"493","213"
"493","210"
"493","274"
"493","280"
"493","347"
"493","343"
"493","396"
"493","260"
"494","347"
"494","199"
"494","207"
"494","41"
"494","237"
"494","151"
"494","402"
"494","367"
"494","195"
"494","165"
"495","116"
"495","6"
"495","136"
"495","220"
"495","342"
"495","99"
"495","222"
"495","37"
"495","41"
"495","282"
"496","215"
"496","85"
"496","253"
"496","120"
"496","196"
"496","237"
"496","385"
"496","398"
"496","76"
"496","306"
"497","137"
"497","101"
"497","149"
"497","354"
"497","221"
"497","408"
"497","346"
"497","311"
"497","49"
"497","376"
"498","316"
"498","207"
"498","357"
"498","255"
"498","343"
"498","244"
"498","304"
"498","22"
"498","192"
"498","87"
"499","400"
"499","274"
"499","231"
"499","303"
"499","358"
"499","399"
"499","264"
"499","64"
"499","15"
"499","74"
